"First Name","Last Name"
"Ned","Hunt"
"James","Robinson"
"Alisa","Hunt"
"Abraham","Harris"
"Kellan","Morrison"
"Nicole","Carroll"
"Maximilian","Murray"
"Lenny","Taylor"
"Paige","Jones"
"Heather","Myers"
"Carl","Lloyd"
"Tyler","Richardson"
"Wilson","Foster"
"Anna","Henderson"
"Samantha","Harper"
"Kirsten","Bennett"
"George","Carroll"
"James","Murphy"
"Daisy","Spencer"
"Maya","Moore"
"Grace","Barnes"
"Bruce","Cole"
"April","Campbell"
"Sarah","Harris"
"Nicholas","Perkins"
"Victoria","Barnes"
"Marcus","Armstrong"
"Edwin","Craig"
"Cadie","Spencer"
"Vincent","Grant"
