first,last
Milton,Farmer
Dean,Nunez
Alma,Fisher
Timothy,Long
Eula,Pierce
Timothy,Matthews
Samuel,Goodwin
Cornelia,Tyler
Carl,Martin
Herman,Collins
Olivia,Santiago
Genevieve,Nguyen
Austin,Hogan
Tony,Stewart
Norman,Henderson
Florence,Howell
Josie,Jones
Phoebe,Cole
Victor,Ballard
Nellie,Pierce
Pauline,Carter
Mae,Butler
Hester,Stephens
Adrian,Maldonado
Don,Jimenez
Elva,Garner
Gussie,Hill
Maud,Allison
Jose,Klein
Blake,Bishop
Ian,Graham
Marcus,Cooper
Alexander,Moran
Delia,Potter
Amelia,Barnett
Lawrence,Shaw
Francis,Schultz
Evan,Neal
Isaac,Hampton
Hunter,Jennings
Julian,Fernandez
Anthony,Porter
Evelyn,Chambers
Martin,Burgess
Francis,Mann
Pauline,Weber
Blanche,Silva
Evelyn,Stone
Hester,Jordan
Alice,Robertson
Troy,Collier
Iva,Watkins
Lola,Boyd
Belle,Lopez
Estelle,Clayton
Mary,Clayton
Lelia,Saunders
Curtis,Hunter
Don,Goodman
Lottie,Silva
Katie,Haynes
Birdie,Sanchez
Daniel,Chavez
Gene,Robbins
Dennis,Gross
Lily,Pena
Grace,Moody
Carlos,Wong
Sallie,Ramsey
Irene,Crawford
Eugene,Guerrero
Violet,Beck
Randall,Martin
Sean,Fox
Olivia,Rhodes
Ann,Reyes
Clyde,Ward
Bruce,Holland
Edith,Burgess
Lou,Arnold
Luis,Beck
Marion,Bowers
Augusta,Abbott
Dennis,Bowman
Maria,McKinney
Leila,Simmons
Antonio,Mendez
Jesus,Mack
Cordelia,Page
Eric,Gonzalez
Hulda,Garza
Bill,Rodgers
Rosa,Morales
Teresa,Stevens
Owen,Nelson
Herbert,Meyer
Lina,Oliver
Phoebe,Ortega
Bess,Peterson
Jon,Clark
